Date,Predicted_Rain
2026-03-10,0.06512405821220156
2026-03-11,0.0717575550157429
2026-03-12,0.08819638742432456
2026-03-13,0.08452999133704565
2026-03-14,0.09414026530957717
2026-03-15,0.08725633955652591
2026-03-16,0.08772107072450745
2026-03-17,0.08884191651861074
2026-03-18,0.07225521266994268
2026-03-19,0.0549679180307875
2026-03-20,0.058631555148226905
2026-03-21,0.060683347638118605
2026-03-22,0.07796671680159853
2026-03-23,0.07965375061204624
2026-03-24,0.06262473909378602
2026-03-25,0.07156808438601099
2026-03-26,0.08428669403357937
2026-03-27,0.0946685653761878
2026-03-28,0.08254308737766931
2026-03-29,0.08261501909120689
2026-03-30,0.07338501136100367
2026-03-31,0.06017166882781889
2026-04-01,0.05479531772957982
2026-04-02,0.046956715797384675
2026-04-03,0.050001159141422634
2026-04-04,0.0590495519798965
2026-04-05,0.07635589521798095
2026-04-06,0.07513817730184079
2026-04-07,0.05467820958802914
2026-04-08,0.06992043888844802
2026-04-09,0.07670030477107027
2026-04-10,0.06929554290972985
2026-04-11,0.05929202689277951
2026-04-12,0.05945093809844193
2026-04-13,0.05910424927222403
2026-04-14,0.055647117239832164
2026-04-15,0.05666338954155621
2026-04-16,0.05674104057300649
2026-04-17,0.04763679326662699
2026-04-18,0.04361211870132954
2026-04-19,0.04581218954941296
2026-04-20,0.05150099928606464
2026-04-21,0.05106290485683598
2026-04-22,0.04749182750291031
2026-04-23,0.04863454863937898
2026-04-24,0.057042140114707304
2026-04-25,0.07025623284988257
2026-04-26,0.08790269924751624
2026-04-27,0.06187435261099729
2026-04-28,0.056082415551272184
2026-04-29,0.05911748578233326
2026-04-30,0.058859405770011086
2026-05-01,0.06076418501513906
2026-05-02,0.053961780844528504
2026-05-03,0.0652325918939031
2026-05-04,0.07663577896461324
2026-05-05,0.07060502743964611
2026-05-06,0.056732959568536696
2026-05-07,0.04879021493857211
2026-05-08,0.04786586036697362
2026-05-09,0.05494933645772174
2026-05-10,0.05565277176830168
2026-05-11,0.050177679098242785
2026-05-12,0.046520150930033345
2026-05-13,0.044055403835874876
2026-05-14,0.04532204166141942
2026-05-15,0.040028527166592325
2026-05-16,0.03864242801356375
2026-05-17,0.046639570093362885
2026-05-18,0.053433990382691816
2026-05-19,0.050895698013943516
2026-05-20,0.0573891179431196
2026-05-21,0.06786086888588275
2026-05-22,0.061510350513967964
2026-05-23,0.048654553378782765
2026-05-24,0.04636116972481645
2026-05-25,0.03968317706552841
2026-05-26,0.043197758324582766
2026-05-27,0.05028395015122967
2026-05-28,0.055943619027326835
2026-05-29,0.056563719616087776
2026-05-30,0.04714361992753083
2026-05-31,0.06718478159227585
2026-06-01,0.0676861657480184
2026-06-02,0.049828755209909044
2026-06-03,0.04375332201112928
2026-06-04,0.043253733583981
2026-06-05,0.04137527539447292
2026-06-06,0.039938415881213434
2026-06-07,0.04482034291581246
2026-06-08,0.06027624637665589
2026-06-09,0.06394732950102279
2026-06-10,0.049480268068136844
2026-06-11,0.04214417434064231
2026-06-12,0.04539076925883735
2026-06-13,0.03721188689053508
2026-06-14,0.03964392760962096
2026-06-15,0.03139999497418689
2026-06-16,0.022076633123634407
2026-06-17,0.023425698918844086
2026-06-18,0.034421650043171714
2026-06-19,0.06753153610720995
2026-06-20,0.09814014398394749
2026-06-21,0.08699077388071855
2026-06-22,0.04756563420911337
2026-06-23,0.02244665343631235
2026-06-24,0.02252699776075495
2026-06-25,0.02250257479955043
2026-06-26,0.03443114134780628
2026-06-27,0.07774634554939733
2026-06-28,0.11793201653052243
2026-06-29,0.07992708886150023
2026-06-30,0.03064805191302597
2026-07-01,0.015848489968975286
2026-07-02,0.01736194545447614
2026-07-03,0.020977618771823185
2026-07-04,0.03756389476378944
2026-07-05,0.06792591875196646
2026-07-06,0.08111554756920203
2026-07-07,0.06267098081750035
2026-07-08,0.026663312507280972
2026-07-09,0.019716065016045
2026-07-10,0.02336188217086149
2026-07-11,0.032389060087296924
2026-07-12,0.07353457012798538
2026-07-13,0.08812740025456674
2026-07-14,0.0664251129293142
2026-07-15,0.034866339743252824
2026-07-16,0.014692205064676849
2026-07-17,0.013442474244950983
2026-07-18,0.01814199032947466
2026-07-19,0.05131871929954213
2026-07-20,0.08179143541436
2026-07-21,0.07499369819864445
2026-07-22,0.04052813415877377
2026-07-23,0.023347077043966612
2026-07-24,0.028775543229248562
2026-07-25,0.04582161580714349
2026-07-26,0.059059233923534314
2026-07-27,0.06345327496081411
2026-07-28,0.045160910720412416
2026-07-29,0.027084119401176367
2026-07-30,0.020326338557479142
2026-07-31,0.01940817990726203
2026-08-01,0.029447555844037705
2026-08-02,0.06783355364215253
2026-08-03,0.09213606803562595
2026-08-04,0.08090707012211679
2026-08-05,0.034889436106913654
2026-08-06,0.019454734799002345
2026-08-07,0.019621062251210884
2026-08-08,0.031025733928671237
2026-08-09,0.0618768818174077
2026-08-10,0.06708442676577149
2026-08-11,0.041982081264079346
2026-08-12,0.013348781452630522
2026-08-13,0.015939165269492267
2026-08-14,0.03467122443989721
2026-08-15,0.07472144240421583
2026-08-16,0.09881500772606339
2026-08-17,0.07341945631643491
2026-08-18,0.03809910544158113
2026-08-19,0.025085031923861786
2026-08-20,0.02588116086342797
2026-08-21,0.03216833772772315
2026-08-22,0.04675204729137233
2026-08-23,0.057726768589377565
2026-08-24,0.060308001590443916
2026-08-25,0.028271012612340062
2026-08-26,0.021527527435160246
2026-08-27,0.03013008589527055
2026-08-28,0.049905456390436705
2026-08-29,0.048617410602508765
2026-08-30,0.031526250772662384
2026-08-31,0.021864817678186238
2026-09-01,0.02150114221072193
2026-09-02,0.028054929289246442
2026-09-03,0.044760652882215035
2026-09-04,0.0501182958659476
2026-09-05,0.04260508279844664
2026-09-06,0.02730554049763308
2026-09-07,0.027321122577695388
2026-09-08,0.018023956009875233
2026-09-09,0.01869707798991797
2026-09-10,0.012720787160708645
2026-09-11,0.012016039675164115
2026-09-12,0.01539308306747343
2026-09-13,0.022782656872661625
2026-09-14,0.039805786475925364
2026-09-15,0.07825353321339078
2026-09-16,0.12199632493718601
2026-09-17,0.10337161981061317
2026-09-18,0.05912399466884764
2026-09-19,0.05212929558520926
2026-09-20,0.06823770775964602
2026-09-21,0.06981338878072571
2026-09-22,0.040323759609222125
2026-09-23,0.030971827768219638
2026-09-24,0.044724995293704176
2026-09-25,0.06369005357031138
2026-09-26,0.05701461116623065
2026-09-27,0.029083883978682452
2026-09-28,0.02364099111837608
2026-09-29,0.02675133998587946
2026-09-30,0.03295308789018718
2026-10-01,0.045478940049950685
2026-10-02,0.06103437209456681
2026-10-03,0.04826858853672519
2026-10-04,0.025882174133614357
2026-10-05,0.023142909426361706
2026-10-06,0.03184025741721538
2026-10-07,0.05407732680585627
2026-10-08,0.05551324455932251
2026-10-09,0.02639421172383937
2026-10-10,0.036914847666848064
2026-10-11,0.09442586648260198
2026-10-12,0.1265379379981762
2026-10-13,0.11916326195091875
2026-10-14,0.07638938257073208
2026-10-15,0.06845051477467731
2026-10-16,0.08551412612560842
2026-10-17,0.08741610225265556
2026-10-18,0.052966765906253835
2026-10-19,0.0638767323012516
2026-10-20,0.09506381048243699
2026-10-21,0.0938341855218449
2026-10-22,0.045342944513769565
2026-10-23,0.04203114276950553
2026-10-24,0.06461875899821853
2026-10-25,0.09680911887403289
2026-10-26,0.10904926811898437
2026-10-27,0.11814513188755939
2026-10-28,0.13008906993056396
2026-10-29,0.1326302197028651
2026-10-30,0.11075017958427456
2026-10-31,0.09298160611262912
2026-11-01,0.12447377829967964
2026-11-02,0.1308168910798131
2026-11-03,0.14026739842638572
2026-11-04,0.15056572902411777
2026-11-05,0.15239046971976491
2026-11-06,0.12295615159555921
2026-11-07,0.11331261096976093
2026-11-08,0.16229868069843048
2026-11-09,0.17942685682319204
2026-11-10,0.19648994695488264
2026-11-11,0.17998044368829863
2026-11-12,0.2044812888339433
2026-11-13,0.23828983756762204
2026-11-14,0.2735116953207551
2026-11-15,0.27807903785132776
2026-11-16,0.20634296692534831
2026-11-17,0.20927685659442233
2026-11-18,0.20688108948215247
2026-11-19,0.2016554686393016
2026-11-20,0.1783607544614531
2026-11-21,0.14883863474626813
2026-11-22,0.17511803573005483
2026-11-23,0.21953690346613527
2026-11-24,0.26181093303231817
2026-11-25,0.27630587476461826
2026-11-26,0.22683184959467811
2026-11-27,0.21209798395442817
2026-11-28,0.23659506729911553
2026-11-29,0.28577042514944156
2026-11-30,0.34849296132085894
2026-12-01,0.32321365726915136
2026-12-02,0.19697395886428257
2026-12-03,0.17873424474496127
2026-12-04,0.1869587659517253
2026-12-05,0.19980241021550418
2026-12-06,0.2638954032485442
2026-12-07,0.33670026791015006
2026-12-08,0.29149176094162027
2026-12-09,0.23727710383045625
2026-12-10,0.24729203866207883
2026-12-11,0.2399661756341136
2026-12-12,0.20635258789662894
2026-12-13,0.2190072698551502
2026-12-14,0.22977395056496014
2026-12-15,0.27236575799634005
2026-12-16,0.30842934020977075
2026-12-17,0.3675066310830834
2026-12-18,0.30460622398088527
2026-12-19,0.24782437447514138
2026-12-20,0.26237765179489997
2026-12-21,0.24550909485324113
2026-12-22,0.2245486868766468
2026-12-23,0.21596839079855398
2026-12-24,0.20445282521655483
2026-12-25,0.22581625489036103
2026-12-26,0.26601974980401216
2026-12-27,0.42833332105549016
2026-12-28,0.4147916250242005
2026-12-29,0.3692716401651774
2026-12-30,0.3916316877837331
2026-12-31,0.4276744129902243
2027-01-01,0.3823698075567034
2027-01-02,0.24630312664945853
2027-01-03,0.2871162059363226
2027-01-04,0.2529777143869324
2027-01-05,0.24114756442654883
2027-01-06,0.2126610263130627
2027-01-07,0.19411788920454823
2027-01-08,0.16635801851013549
2027-01-09,0.24568622807712584
2027-01-10,0.2616923332045234
2027-01-11,0.23233816721567585
2027-01-12,0.22344119451392885
2027-01-13,0.24788558107819697
2027-01-14,0.3658201395709011
2027-01-15,0.39295433017422043
2027-01-16,0.3983607909737836
2027-01-17,0.3983463086303588
2027-01-18,0.3369954457118743
2027-01-19,0.3000366164092554
2027-01-20,0.22313009686428428
2027-01-21,0.2980130652313616
2027-01-22,0.30774231820811027
2027-01-23,0.2869246027573373
2027-01-24,0.3070823934297764
2027-01-25,0.38256166901766964
2027-01-26,0.29039481203464895
2027-01-27,0.19166608151348988
2027-01-28,0.23187837197857766
2027-01-29,0.2304749896177981
2027-01-30,0.15012830692036902
2027-01-31,0.14790380251537416
2027-02-01,0.1253833431050714
2027-02-02,0.08590963300353245
2027-02-03,0.09907552377387266
2027-02-04,0.11843961676695654
2027-02-05,0.13964788748850623
2027-02-06,0.13307163148272355
2027-02-07,0.1064040491664585
2027-02-08,0.06739841944108592
2027-02-09,0.0660362391131764
2027-02-10,0.07319840863210646
2027-02-11,0.07898929526478056
2027-02-12,0.09214971047349575
2027-02-13,0.11041275615583365
2027-02-14,0.09105922925617539
2027-02-15,0.06487733445427635
2027-02-16,0.058156534299064123
2027-02-17,0.0613047158260609
2027-02-18,0.06341393265015724
2027-02-19,0.07203222241577753
2027-02-20,0.0784470830380304
2027-02-21,0.09228951162619108
2027-02-22,0.0950259096658572
2027-02-23,0.0641069723296812
2027-02-24,0.05905805891733967
2027-02-25,0.06252343955647294
2027-02-26,0.06231668508553466
2027-02-27,0.09811613865290567
2027-02-28,0.12660213637525847
2027-03-01,0.12977242204889727
2027-03-02,0.08288920088900771
2027-03-03,0.07233724249796937
2027-03-04,0.06794294658855245
2027-03-05,0.07540609363441204
2027-03-06,0.0795754950274727
2027-03-07,0.09156762189508921
2027-03-08,0.11964911904927798
2027-03-09,0.11263448632722423
